scheme,model,auc
TRTR,LR,0.5433366733466933
TRTR,RF,0.640740856713427
TRTR,GBC,0.608191382765531
TRTR,HGBT,0.6408191382765531
